<?xml version="1.0" encoding="UTF-8"?>
<beans xmlns="http://www.springframework.org/schema/beans"
	xmlns:xsi="http://www.w3.org/2001/XMLSchema-instance"
	xmlns:context="http://www.springframework.org/schema/context"
	xmlns:mvc="http://www.springframework.org/schema/mvc"
	xmlns:dubbo="http://code.alibabatech.com/schema/dubbo"
	xsi:schemaLocation="http://www.springframework.org/schema/beans 
	http://www.springframework.org/schema/beans/spring-beans.xsd 
	http://www.springframework.org/schema/context
    http://www.springframework.org/schema/context/spring-context.xsd
	http://www.springframework.org/schema/mvc
    http://www.springframework.org/schema/mvc/spring-mvc.xsd
    http://code.alibabatech.com/schema/dubbo 
	http://code.alibabatech.com/schema/dubbo/dubbo.xsd
    ">
    <mvc:annotation-driven />
    
    <context:property-placeholder location="classpath:application.properties" file-encoding="utf-8"/>
 	<dubbo:annotation package="${basePackage}"/>
 	<dubbo:registry protocol="zookeeper" address="${zkaddress}" />
<!--  	<dubbo:protocol id="dubbo1" host="172.60.0.171"/>
 	<dubbo:protocol id="dubbo2" host="172.60.0.172"/> -->
 	
 	
 	
 	<mvc:default-servlet-handler/>
   <!--  <mvc:resources mapping="/static/**" location="/static/"/> -->
 	

	<!-- 避免IE执行AJAX时,返回JSON出现下载文件 -->
	<bean id="fastJsonHttpMessageConverter"
		class="com.alibaba.fastjson.support.spring.FastJsonHttpMessageConverter">
		<property name="supportedMediaTypes">
			<list>
				<value>application/json;charset=UTF-8</value>
				<value>text/html;charset=UTF-8</value>
			</list>
		</property>
		<property name="features" >
		   <list>
		   		<value>WriteNullBooleanAsFalse</value>
		   		 <value>QuoteFieldNames</value>  
                <value>WriteDateUseDateFormat</value>  
                <value>WriteNullStringAsEmpty</value>  
		   </list>
		</property>
	</bean>

	<!-- 启动Spring MVC的注解功能，完成请求和注解POJO的映射 -->
	<bean
		class="org.springframework.web.servlet.mvc.method.annotation.RequestMappingHandlerAdapter">
		<property name="messageConverters" ref="fastJsonHttpMessageConverter"/>
	</bean>
	<!-- 对模型视图名称的解析，即在模型视图名称添加前后缀 -->
	<bean
		class="org.springframework.web.servlet.view.InternalResourceViewResolver">
		<property name="prefix">
			<value>/WEB-INF/views/</value>
		</property>
		<property name="suffix">
			<value>.html</value>
		</property>
	</bean>
	
	<bean id="multipartResolver"
		class="org.springframework.web.multipart.commons.CommonsMultipartResolver">
		<property name="defaultEncoding">
			<value>UTF-8</value>
		</property>
		<property name="maxUploadSize">
			<value>32505856</value><!-- 上传文件大小限制为31M，31*1024*1024 -->
		</property>
		<property name="maxInMemorySize">
			<value>4096</value>
		</property>
	</bean>

</beans> 